ID,Name,Street Address,City,State,Zip,Website,Contact Name,Contact Email,Contact Phone
Ante Corp.,Ante Corp.,"P.O. Box 569, 9797 Fermentum Av.",West Valley City,Utah,22685,,,,
Arcu Packaging,Arcu Packaging,1111 Curabitur St.,Racine,WI,67915,,,,
At Auctor Co,At Auctor Co,,,,,,,,
Cubilia Electronics,Cubilia Electronics,"Ap #510-8681 Facilisis, Ave",Cumberland,ON,40-725,,,,1-785-205-2072
Egestas Engineering,Egestas Engineering,865-230 Cursus. Ave,Grey County,ON,Z4721,,,,1-134-545-3441
EGETEM,EGETEM,6560 Massa St.,Portland,Oregon,43613,,,,1-443-987-6855
Eleifend,Eleifend,,,,,,,,
Non Enim Electronics,Non Enim Electronics,,,,,,,,
Est Electronics Corp.,Est Electronics Corp.,,,,,,,,
Eu Sem Electronics,Eu Sem Electronics,,,,,,,,
Tempor Milling,Tempor Milling,,,,,,,,
Fringilla Electronics,Fringilla Electronics,,,,,,,,
Hendrerit Electronics,Hendrerit Electronics,,,,,,,,
Imperdiet Electronics,Imperdiet Electronics,,,,,,,,
Justo Inc.,Justo Inc.,,,,,,,,
Laoreet,Laoreet,,,,,,,,
Lectus Labeling,Lectus Labeling,,,,,,,,
Aenean Printing,Aenean Printing,,,,,,,,
Elementum SCI,Elementum SCI,,,,,,,,
Luctus Aliquet,Luctus Aliquet,,,,,,,,
Malesuada Limited,Malesuada Limited,,,,,,,,
Mauris Quis Circuits,Mauris Quis Circuits,,,,,,,,
Nam LLC,Nam LLC,,,,,,,,
Microchips Corp.,Microchips Corp.,,,,,,,,
Access Limited,Access Limited,,,,,,,,
Nunc Ltd,Nunc Ltd,,,,,,,,
Vulputate Foundation,Vulputate Foundation,,,,,,,,
Praesent Corporation,Praesent Corporation,,,,,,,,
Sodales,Sodales,,,,,,,,
